{
  "usuario": [
    {
      "id": "andre@origamid.com",
      "email": "andre@origamid.com",
      "nome": "André Rafael",
      "senha": "123",
      "rua": "Rua Ali Perto",
      "cep": "12345678",
      "numero": "25",
      "estado": "RJ",
      "cidade": "Rio de Janeiro"
    }
  ],
  "produto": [
    {
      "id": "notebook",
      "nome": "Notebook",
      "usuario_id": "andre@origamid.com",
      "preco": "4999",
      "vendido": "false",
      "descricao": "Esse é um novo notebook.",
      "fotos": null
    },
    {
      "id": "smartphone",
      "nome": "Smartphone",
      "usuario_id": "andre@origamid.com",
      "preco": "1999",
      "vendido": "false",
      "descricao": "Esse é um novo smartphone.",
      "fotos": null
    },
    {
      "id": "tablet",
      "nome": "Tablet",
      "usuario_id": "andre@origamid.com",
      "preco": "1399",
      "vendido": "false",
      "descricao": "Esse é um novo tablet.",
      "fotos": null
    },
    {
      "id": "notebook",
      "nome": "Notebook",
      "usuario_id": "andre@origamid.com",
      "preco": "4999",
      "vendido": "false",
      "descricao": "Esse é um novo notebook.",
      "fotos": null
    },
    {
      "id": "smartphone",
      "nome": "Smartphone",
      "usuario_id": "andre@origamid.com",
      "preco": "1999",
      "vendido": "false",
      "descricao": "Esse é um novo smartphone.",
      "fotos": null
    },
    {
      "id": "tablet",
      "nome": "Tablet",
      "usuario_id": "andre@origamid.com",
      "preco": "1399",
      "vendido": "false",
      "descricao": "Esse é um novo tablet.",
      "fotos": null
    },
    {
      "id": "notebook",
      "nome": "Notebook",
      "usuario_id": "andre@origamid.com",
      "preco": "4999",
      "vendido": "false",
      "descricao": "Esse é um novo notebook.",
      "fotos": null
    },
    {
      "id": "smartphone",
      "nome": "Smartphone",
      "usuario_id": "andre@origamid.com",
      "preco": "1999",
      "vendido": "false",
      "descricao": "Esse é um novo smartphone.",
      "fotos": null
    },
    {
      "id": "tablet",
      "nome": "Tablet",
      "usuario_id": "andre@origamid.com",
      "preco": "1399",
      "vendido": "false",
      "descricao": "Esse é um novo tablet.",
      "fotos": null
    },
    {
      "id": "notebook",
      "nome": "Notebook",
      "usuario_id": "andre@origamid.com",
      "preco": "4999",
      "vendido": "false",
      "descricao": "Esse é um novo notebook.",
      "fotos": null
    },
    {
      "id": "smartphone",
      "nome": "Smartphone 2",
      "usuario_id": "andre@origamid.com",
      "preco": "1999",
      "vendido": "false",
      "descricao": "Esse é um novo smartphone.",
      "fotos": null
    },
    {
      "id": "tablet",
      "nome": "Tablet",
      "usuario_id": "andre@origamid.com",
      "preco": "1399",
      "vendido": "false",
      "descricao": "Esse é um novo tablet.",
      "fotos": null
    }
  ]
}
