{
  "usuario": [
    {
      "id": "andre@origamid.com",
      "nome": "André Rafael",
      "email": "andre@origamid.com",
      "senha": "123",
      "cep": "12345678",
      "rua": "Rua Ali Perto",
      "numero": "150",
      "bairro": "Esse Mesmo",
      "cidade": "Rio de Janeiro",
      "estado": "RJ"
    },
    {
      "id": "joao@origamid.com",
      "email": "joao@origamid.com",
      "nome": "João Marcos",
      "senha": "123",
      "rua": "Rua Ali Perto",
      "cep": "12345678",
      "numero": "25",
      "estado": "RJ",
      "cidade": "Rio de Janeiro"
    },
    {
      "id": "maria@origamid.com",
      "nome": "Maria das Neves",
      "email": "maria@origamid.com",
      "senha": "123",
      "cep": "22640-102",
      "rua": "Avenida das Américas",
      "numero": "100",
      "bairro": "Barra da Tijuca",
      "cidade": "Rio de Janeiro",
      "estado": "RJ"
    },
    {
      "id": "mariana@origamid.com",
      "nome": "Mariana",
      "email": "mariana@origamid.com",
      "senha": "123",
      "cep": "22640-102",
      "rua": "Avenida das Américas",
      "numero": "100",
      "bairro": "Barra da Tijuca",
      "cidade": "Rio de Janeiro",
      "estado": "RJ"
    }
  ],
  "produto": [
    {
      "id": "smartphone",
      "nome": "Smartphone",
      "usuario_id": "andre@origamid.com",
      "preco": "1999",
      "vendido": "false",
      "descricao": "Esse é um novo smartphone.",
      "fotos": null
    },
    {
      "id": "tablet",
      "nome": "Tablet",
      "usuario_id": "andre@origamid.com",
      "preco": "1399",
      "vendido": "false",
      "descricao": "Esse é um novo tablet.",
      "fotos": null
    },
    {
      "id": "notebook",
      "nome": "Notebook",
      "usuario_id": "andre@origamid.com",
      "preco": "4999",
      "vendido": "false",
      "descricao": "Esse é um novo notebook.",
      "fotos": null
    },
    {
      "id": "smartphone",
      "nome": "Smartphone",
      "usuario_id": "andre@origamid.com",
      "preco": "1999",
      "vendido": "false",
      "descricao": "Esse é um novo smartphone.",
      "fotos": null
    },
    {
      "id": "tablet",
      "nome": "Tablet",
      "usuario_id": "andre@origamid.com",
      "preco": "1399",
      "vendido": "false",
      "descricao": "Esse é um novo tablet.",
      "fotos": null
    },
    {
      "id": "notebook",
      "nome": "Notebook",
      "usuario_id": "andre@origamid.com",
      "preco": "4999",
      "vendido": "false",
      "descricao": "Esse é um novo notebook.",
      "fotos": null
    },
    {
      "id": "smartphone",
      "nome": "Smartphone 2",
      "usuario_id": "andre@origamid.com",
      "preco": "1999",
      "vendido": "false",
      "descricao": "Esse é um novo smartphone.",
      "fotos": null
    },
    {
      "id": "tablet",
      "nome": "Tablet",
      "usuario_id": "andre@origamid.com",
      "preco": "1399",
      "vendido": "false",
      "descricao": "Esse é um novo tablet.",
      "fotos": null
    },
    {
      "id": "notebook",
      "nome": "Notebook",
      "usuario_id": "andre@origamid.com",
      "preco": "4999",
      "vendido": "false",
      "descricao": "Esse é um novo notebook.",
      "fotos": null
    },
    {
      "id": "smartphone",
      "nome": "Smartphone",
      "usuario_id": "andre@origamid.com",
      "preco": "1999",
      "vendido": "false",
      "descricao": "Esse é um novo smartphone.",
      "fotos": null
    },
    {
      "id": "tablet",
      "nome": "Tablet",
      "usuario_id": "andre@origamid.com",
      "preco": "1399",
      "vendido": "false",
      "descricao": "Esse é um novo tablet.",
      "fotos": null
    },
    {
      "id": "notebook",
      "nome": "Notebook",
      "usuario_id": "andre@origamid.com",
      "preco": "4999",
      "vendido": "false",
      "descricao": "Esse é um novo notebook.",
      "fotos": null
    },
    {
      "id": "smartphone",
      "nome": "Smartphone",
      "usuario_id": "andre@origamid.com",
      "preco": "1999",
      "vendido": "false",
      "descricao": "Esse é um novo smartphone.",
      "fotos": null
    },
    {
      "id": "tablet",
      "nome": "Tablet",
      "usuario_id": "andre@origamid.com",
      "preco": "1399",
      "vendido": "false",
      "descricao": "Esse é um novo tablet.",
      "fotos": null
    },
    {
      "id": "notebook",
      "nome": "Notebook",
      "usuario_id": "andre@origamid.com",
      "preco": "4999",
      "vendido": "false",
      "descricao": "Esse é um novo notebook.",
      "fotos": null
    },
    {
      "id": "smartphone",
      "nome": "Smartphone",
      "usuario_id": "andre@origamid.com",
      "preco": "1999",
      "vendido": "false",
      "descricao": "Esse é um novo smartphone.",
      "fotos": null
    },
    {
      "id": "tablet",
      "nome": "Tablet",
      "usuario_id": "andre@origamid.com",
      "preco": "1399",
      "vendido": "false",
      "descricao": "Esse é um novo tablet.",
      "fotos": null
    },
    {
      "id": "notebook",
      "nome": "Notebook",
      "usuario_id": "andre@origamid.com",
      "preco": "4999",
      "vendido": "false",
      "descricao": "Esse é um novo notebook.",
      "fotos": null
    },
    {
      "id": "smartphone",
      "nome": "Smartphone 2",
      "usuario_id": "andre@origamid.com",
      "preco": "1999",
      "vendido": "false",
      "descricao": "Esse é um novo smartphone.",
      "fotos": null
    },
    {
      "id": "tablet",
      "nome": "Tablet",
      "usuario_id": "andre@origamid.com",
      "preco": "1399",
      "vendido": "false",
      "descricao": "Esse é um novo tablet.",
      "fotos": null
    },
    {
      "id": "notebook",
      "nome": "Notebook",
      "usuario_id": "andre@origamid.com",
      "preco": "4999",
      "vendido": "false",
      "descricao": "Esse é um novo notebook.",
      "fotos": null
    },
    {
      "id": "smartphone",
      "nome": "Smartphone",
      "usuario_id": "andre@origamid.com",
      "preco": "1999",
      "vendido": "false",
      "descricao": "Esse é um novo smartphone.",
      "fotos": null
    },
    {
      "id": "tablet",
      "nome": "Tablet",
      "usuario_id": "andre@origamid.com",
      "preco": "1399",
      "vendido": "false",
      "descricao": "Esse é um novo tablet.",
      "fotos": null
    },
    {
      "id": "notebook",
      "nome": "Notebook",
      "usuario_id": "andre@origamid.com",
      "preco": "4999",
      "vendido": "false",
      "descricao": "Esse é um novo notebook.",
      "fotos": null
    },
    {
      "id": "smartphone",
      "nome": "Smartphone",
      "usuario_id": "andre@origamid.com",
      "preco": "1999",
      "vendido": "false",
      "descricao": "Esse é um novo smartphone.",
      "fotos": null
    },
    {
      "id": "tablet",
      "nome": "Tablet",
      "usuario_id": "andre@origamid.com",
      "preco": "1399",
      "vendido": "false",
      "descricao": "Esse é um novo tablet.",
      "fotos": null
    },
    {
      "id": "notebook",
      "nome": "Notebook",
      "usuario_id": "andre@origamid.com",
      "preco": "4999",
      "vendido": "false",
      "descricao": "Esse é um novo notebook.",
      "fotos": null
    },
    {
      "id": "smartphone",
      "nome": "Smartphone",
      "usuario_id": "andre@origamid.com",
      "preco": "1999",
      "vendido": "false",
      "descricao": "Esse é um novo smartphone.",
      "fotos": null
    },
    {
      "id": "tablet",
      "nome": "Tablet",
      "usuario_id": "andre@origamid.com",
      "preco": "1399",
      "vendido": "false",
      "descricao": "Esse é um novo tablet.",
      "fotos": null
    },
    {
      "id": "notebook",
      "nome": "Notebook",
      "usuario_id": "andre@origamid.com",
      "preco": "4999",
      "vendido": "false",
      "descricao": "Esse é um novo notebook.",
      "fotos": null
    },
    {
      "id": "smartphone",
      "nome": "Smartphone 2",
      "usuario_id": "andre@origamid.com",
      "preco": "1999",
      "vendido": "false",
      "descricao": "Esse é um novo smartphone.",
      "fotos": null
    },
    {
      "id": "tablet",
      "nome": "Tablet",
      "usuario_id": "andre@origamid.com",
      "preco": "1399",
      "vendido": "false",
      "descricao": "Esse é um novo tablet.",
      "fotos": null
    },
    {
      "id": "notebook",
      "nome": "Notebook",
      "usuario_id": "andre@origamid.com",
      "preco": "4999",
      "vendido": "false",
      "descricao": "Esse é um novo notebook.",
      "fotos": null
    },
    {
      "id": "smartphone",
      "nome": "Smartphone",
      "usuario_id": "andre@origamid.com",
      "preco": "1999",
      "vendido": "false",
      "descricao": "Esse é um novo smartphone.",
      "fotos": null
    },
    {
      "id": "tablet",
      "nome": "Tablet",
      "usuario_id": "andre@origamid.com",
      "preco": "1399",
      "vendido": "false",
      "descricao": "Esse é um novo tablet.",
      "fotos": null
    },
    {
      "id": "notebook",
      "nome": "Notebook",
      "usuario_id": "andre@origamid.com",
      "preco": "4999",
      "vendido": "false",
      "descricao": "Esse é um novo notebook.",
      "fotos": null
    },
    {
      "id": "smartphone",
      "nome": "Smartphone",
      "usuario_id": "andre@origamid.com",
      "preco": "1999",
      "vendido": "false",
      "descricao": "Esse é um novo smartphone.",
      "fotos": null
    },
    {
      "id": "tablet",
      "nome": "Tablet",
      "usuario_id": "andre@origamid.com",
      "preco": "1399",
      "vendido": "false",
      "descricao": "Esse é um novo tablet.",
      "fotos": null
    },
    {
      "id": "notebook",
      "nome": "Notebook",
      "usuario_id": "andre@origamid.com",
      "preco": "4999",
      "vendido": "false",
      "descricao": "Esse é um novo notebook.",
      "fotos": null
    },
    {
      "id": "smartphone",
      "nome": "Smartphone",
      "usuario_id": "andre@origamid.com",
      "preco": "1999",
      "vendido": "false",
      "descricao": "Esse é um novo smartphone.",
      "fotos": null
    },
    {
      "id": "tablet",
      "nome": "Tablet",
      "usuario_id": "andre@origamid.com",
      "preco": "1399",
      "vendido": "false",
      "descricao": "Esse é um novo tablet.",
      "fotos": null
    },
    {
      "id": "notebook",
      "nome": "Notebook",
      "usuario_id": "andre@origamid.com",
      "preco": "4999",
      "vendido": "false",
      "descricao": "Esse é um novo notebook.",
      "fotos": null
    },
    {
      "id": "smartphone",
      "nome": "Smartphone 2",
      "usuario_id": "andre@origamid.com",
      "preco": "1999",
      "vendido": "false",
      "descricao": "Esse é um novo smartphone.",
      "fotos": null
    },
    {
      "id": "tablet",
      "nome": "Tablet",
      "usuario_id": "andre@origamid.com",
      "preco": "1399",
      "vendido": "false",
      "descricao": "Esse é um novo tablet.",
      "fotos": null
    },
    {
      "nome": "Smartphone",
      "preco": "2345",
      "descricao": "Esse é um smart",
      "fotos": null,
      "usuario_id": "",
      "id": "PZxT1zD"
    },
    {
      "nome": "Tablet",
      "preco": "2345",
      "descricao": "Esse é um table novo.",
      "fotos": null,
      "usuario_id": "maria@origamid.com",
      "id": "87YFaos"
    },
    {
      "nome": "Tablet",
      "preco": "2345",
      "descricao": "Isso também",
      "fotos": null,
      "usuario_id": "maria@origamid.com",
      "id": "yXLrHX9"
    },
    {
      "nome": "fsafsfsa",
      "preco": "2334",
      "descricao": "fsaasf",
      "fotos": null,
      "usuario_id": "maria@origamid.com",
      "id": "3reAOZl"
    }
  ]
}